{"f1_score": 0.7636545777777778, "log_loss": 0.42651535726107603, "precision": 0.4578313253012048, "recall": 0.06510565391205025, "roc_auc_score": 0.7074258313089055}